{"graph_0": {"_type": "graph-file", "sha256": "260532a31638807bb03a82ad7db913ddf22f7dbbb577f2fe949f9eb55464af0b", "size": 805, "path": "media/graph/graph_0_summary_260532a31638807bb03a.graph.json"}, "epoch_time": 217.10862731933594, "epoch": 2, "trainer/global_step": 95, "_timestamp": 1685063693.6611898, "_runtime": 655.423425912857, "_step": 2, "_wandb": {"runtime": 653}}