{"graph_0": {"_type": "graph-file", "sha256": "996936b69dbf1ddde7ab71a188c56db020520910e0f254f027ce7c9c5f308bb5", "size": 803, "path": "media/graph/graph_0_summary_996936b69dbf1ddde7ab.graph.json"}, "epoch_time": 5.646588325500488, "epoch": 2, "trainer/global_step": 5, "_timestamp": 1685033589.1838777, "_runtime": 19.08567976951599, "_step": 2, "_wandb": {"runtime": 17}}