{"graph_0": {"_type": "graph-file", "sha256": "b0e303a39c7eb9a046a9395f7afaca1527f34bdf70049675610f8c3686824ab8", "size": 809, "path": "media/graph/graph_0_summary_b0e303a39c7eb9a046a9.graph.json"}, "epoch_time": 217.70079040527344, "epoch": 2, "trainer/global_step": 5, "_timestamp": 1685074315.1762686, "_runtime": 655.2480235099792, "_step": 2, "_wandb": {"runtime": 653}}