{"graph_0": {"_type": "graph-file", "sha256": "77b0378e1111ba5e9aa1739383889d799057285df0895183de43cfe52510053e", "size": 803, "path": "media/graph/graph_0_summary_77b0378e1111ba5e9aa1.graph.json"}, "epoch_time": 5.311190128326416, "epoch": 2, "trainer/global_step": 5, "_timestamp": 1685033329.2480607, "_runtime": 17.89328360557556, "_step": 2, "_wandb": {"runtime": 16}}