{"graph_0": {"_type": "graph-file", "sha256": "c5e5e4d5a87ba3bb3f24f929235c90adf707e26327d5332be41d3467142b4320", "size": 799, "path": "media/graph/graph_0_summary_c5e5e4d5a87ba3bb3f24.graph.json"}, "epoch_time": 16.240882873535156, "epoch": 2, "trainer/global_step": 23, "_timestamp": 1685033250.5143118, "_runtime": 50.99950885772705, "_step": 2, "_wandb": {"runtime": 49}}