{"graph_0": {"_type": "graph-file", "sha256": "afa0b80cc35f09c2f06c05038a2867e3355fa4e27b150fdb6922b0c4163ad20a", "size": 803, "path": "media/graph/graph_0_summary_afa0b80cc35f09c2f06c.graph.json"}, "epoch_time": 16.331254959106445, "epoch": 2, "trainer/global_step": 5, "_timestamp": 1685033774.8438578, "_runtime": 50.86652874946594, "_step": 2, "_wandb": {"runtime": 49}}