{"graph_0": {"_type": "graph-file", "sha256": "73da594a33eddf3c75e3fa0558d8f56d903a097317541c3098b45e3966791850", "size": 805, "path": "media/graph/graph_0_summary_73da594a33eddf3c75e3.graph.json"}, "epoch_time": 46.92178726196289, "epoch": 2, "trainer/global_step": 23, "_timestamp": 1685063992.4034696, "_runtime": 144.1237654685974, "_step": 2, "_wandb": {"runtime": 142}}