{"graph_0": {"_type": "graph-file", "sha256": "29fb3c3456342314e6e66f048b1fa4d0c17ca73bb2071db980f153c03da2847f", "size": 799, "path": "media/graph/graph_0_summary_29fb3c3456342314e6e6.graph.json"}, "epoch_time": 16.4439697265625, "epoch": 2, "trainer/global_step": 23, "_timestamp": 1685033306.6939774, "_runtime": 51.34168338775635, "_step": 2, "_wandb": {"runtime": 49}}