{"graph_0": {"_type": "graph-file", "sha256": "8fd8ead489ff1940f8261e17ef2f4be9795368e96962227f793a63d6384a525d", "size": 805, "path": "media/graph/graph_0_summary_8fd8ead489ff1940f826.graph.json"}, "epoch_time": 52.5301399230957, "epoch": 2, "trainer/global_step": 23, "_timestamp": 1685069981.0673733, "_runtime": 161.85071325302124, "_step": 2, "_wandb": {"runtime": 160}}