{"graph_1": {"_type": "graph-file", "sha256": "b57fe58bdb6225c2cf57e3f851511f01720ce0e56ae696c99a98336591cc4cdd", "size": 484, "path": "media/graph/graph_1_summary_b57fe58bdb6225c2cf57.graph.json"}, "train_loss_epoch": 1.8452677726745605, "train_acc_epoch": 0.4982339143753052, "epoch_time": 0.04581403732299805, "train_roc_auc": 0.50523125, "epoch": 100, "trainer/global_step": 1300, "_timestamp": 1687698496.3741894, "_runtime": 6.417295455932617, "_step": 144, "train_loss_step": 3.134340763092041, "train_acc_step": 0.484375, "parameters/graph_1gnn.phi.net.weight": {"_type": "histogram", "values": [1.0, 0.0, 1.0, 0.0, 0.0, 2.0, 0.0, 0.0, 0.0, 0.0, 0.0, 0.0, 1.0, 0.0, 0.0, 0.0, 0.0, 0.0, 1.0, 0.0, 0.0, 2.0, 1.0, 0.0, 3.0, 0.0, 1.0, 1.0, 1.0, 1.0, 1.0, 2.0, 0.0, 0.0, 1.0, 0.0, 0.0, 0.0, 1.0, 1.0, 0.0, 1.0, 0.0, 1.0, 1.0, 2.0, 2.0, 1.0, 0.0, 0.0, 2.0, 0.0, 0.0, 0.0, 1.0, 0.0, 1.0, 1.0, 0.0, 0.0, 0.0, 0.0, 0.0, 1.0], "bins": [-0.43050163984298706, -0.41723063588142395, -0.40395963191986084, -0.3906886577606201, -0.377417653799057, -0.3641466498374939, -0.3508756458759308, -0.33760467171669006, -0.32433366775512695, -0.31106266379356384, -0.29779165983200073, -0.2845206558704376, -0.2712496817111969, -0.2579786777496338, -0.24470767378807068, -0.23143668472766876, -0.21816568076610565, -0.20489467680454254, -0.19162368774414062, -0.17835268378257751, -0.1650816947221756, -0.1518106907606125, -0.13853970170021057, -0.12526869773864746, -0.11199770122766495, -0.09872670471668243, -0.08545570820569992, -0.07218471169471741, -0.058913711458444595, -0.04564271494746208, -0.03237171471118927, -0.019100718200206757, -0.005829721689224243, 0.007441275753080845, 0.020712273195385933, 0.033983271569013596, 0.04725426807999611, 0.06052526459097862, 0.07379626482725143, 0.08706726133823395, 0.10033825784921646, 0.11360925436019897, 0.12688025832176208, 0.140151247382164, 0.1534222513437271, 0.16669324040412903, 0.17996424436569214, 0.19323523342609406, 0.20650623738765717, 0.21977724134922028, 0.2330482304096222, 0.2463192343711853, 0.2595902383327484, 0.27286121249198914, 0.28613221645355225, 0.29940322041511536, 0.31267422437667847, 0.3259452283382416, 0.3392162024974823, 0.3524872064590454, 0.3657582104206085, 0.37902921438217163, 0.39230018854141235, 0.40557119250297546, 0.4188421964645386]}, "parameters/graph_1gnn.phi.net.bias": {"_type": "histogram", "values": [1.0, 0.0, 1.0, 0.0, 0.0, 0.0, 0.0, 0.0, 0.0, 0.0, 0.0, 0.0, 0.0, 0.0, 0.0, 1.0, 0.0, 0.0, 0.0, 0.0, 0.0, 0.0, 0.0, 0.0, 0.0, 0.0, 0.0, 1.0, 0.0, 0.0, 0.0, 0.0, 0.0, 0.0, 0.0, 0.0, 0.0, 0.0, 0.0, 0.0, 0.0, 0.0, 0.0, 0.0, 0.0, 0.0, 0.0, 0.0, 0.0, 0.0, 0.0, 0.0, 0.0, 0.0, 1.0, 0.0, 0.0, 0.0, 0.0, 0.0, 0.0, 0.0, 0.0, 1.0], "bins": [-0.12954488396644592, -0.12095728516578674, -0.11236968636512756, -0.10378208756446838, -0.0951944887638092, -0.08660688996315002, -0.07801929116249084, -0.06943169236183167, -0.060844093561172485, -0.052256494760513306, -0.043668895959854126, -0.035081297159194946, -0.026493698358535767, -0.017906099557876587, -0.009318500757217407, -0.0007309019565582275, 0.007856696844100952, 0.016444295644760132, 0.02503189444541931, 0.03361949324607849, 0.04220709204673767, 0.05079469084739685, 0.05938228964805603, 0.06796988844871521, 0.07655748724937439, 0.08514508605003357, 0.09373268485069275, 0.10232028365135193, 0.11090788245201111, 0.11949548125267029, 0.12808308005332947, 0.13667067885398865, 0.14525827765464783, 0.153845876455307, 0.1624334752559662, 0.17102107405662537, 0.17960867285728455, 0.18819627165794373, 0.1967838704586029, 0.20537146925926208, 0.21395906805992126, 0.22254666686058044, 0.23113426566123962, 0.2397218644618988, 0.24830946326255798, 0.25689706206321716, 0.26548466086387634, 0.2740722596645355, 0.2826598584651947, 0.2912474572658539, 0.29983505606651306, 0.30842265486717224, 0.3170102536678314, 0.3255978524684906, 0.3341854512691498, 0.34277305006980896, 0.35136064887046814, 0.3599482476711273, 0.3685358464717865, 0.3771234452724457, 0.38571104407310486, 0.39429864287376404, 0.4028862416744232, 0.4114738404750824, 0.4200614392757416]}, "parameters/graph_1mlp.net.weight": {"_type": "histogram", "values": [2.0, 0.0, 0.0, 0.0, 0.0, 0.0, 0.0, 0.0, 0.0, 0.0, 0.0, 0.0, 0.0, 0.0, 0.0, 0.0, 0.0, 0.0, 0.0, 0.0, 0.0, 0.0, 0.0, 0.0, 0.0, 0.0, 0.0, 0.0, 0.0, 0.0, 0.0, 1.0, 0.0, 0.0, 0.0, 0.0, 0.0, 0.0, 0.0, 0.0, 0.0, 0.0, 0.0, 0.0, 0.0, 0.0, 1.0, 0.0, 0.0, 0.0, 0.0, 1.0, 0.0, 0.0, 0.0, 0.0, 0.0, 0.0, 0.0, 0.0, 0.0, 0.0, 0.0, 1.0], "bins": [-0.23388490080833435, -0.22578361630439758, -0.21768231689929962, -0.20958103239536285, -0.2014797329902649, -0.19337844848632812, -0.18527716398239136, -0.1771758645772934, -0.16907458007335663, -0.16097329556941986, -0.1528719961643219, -0.14477071166038513, -0.13666942715644836, -0.1285681277513504, -0.12046684324741364, -0.11236555129289627, -0.1042642593383789, -0.09616296738386154, -0.08806167542934418, -0.07996039092540741, -0.07185909897089005, -0.06375780701637268, -0.055656518787145615, -0.04755523055791855, -0.039453938603401184, -0.03135264664888382, -0.023251358419656754, -0.015150068327784538, -0.007048778235912323, 0.0010525118559598923, 0.009153801947832108, 0.017255092039704323, 0.02535635232925415, 0.033457644283771515, 0.04155893251299858, 0.04966022074222565, 0.05776151269674301, 0.06586280465126038, 0.07396408915519714, 0.08206538110971451, 0.09016667306423187, 0.09826796501874924, 0.1063692569732666, 0.11447054147720337, 0.12257183343172073, 0.1306731253862381, 0.13877440989017487, 0.14687570929527283, 0.1549769937992096, 0.16307827830314636, 0.17117957770824432, 0.1792808622121811, 0.18738216161727905, 0.19548344612121582, 0.2035847306251526, 0.21168603003025055, 0.21978731453418732, 0.22788859903812408, 0.23598989844322205, 0.2440911829471588, 0.2521924674510956, 0.26029375195503235, 0.2683950662612915, 0.27649635076522827, 0.28459763526916504]}, "parameters/graph_1mlp.net.bias": {"_type": "histogram", "values": [0.0, 0.0, 0.0, 0.0, 0.0, 0.0, 0.0, 0.0, 0.0, 0.0, 0.0, 0.0, 0.0, 0.0, 0.0, 0.0, 0.0, 0.0, 0.0, 0.0, 0.0, 0.0, 0.0, 0.0, 0.0, 0.0, 0.0, 0.0, 0.0, 0.0, 0.0, 1.0, 0.0, 0.0, 0.0, 0.0, 0.0, 0.0, 0.0, 0.0, 0.0, 0.0, 0.0, 0.0, 0.0, 0.0, 0.0, 0.0, 0.0, 0.0, 0.0, 0.0, 0.0, 0.0, 0.0, 0.0, 0.0, 0.0, 0.0, 0.0, 0.0, 0.0, 0.0, 0.0], "bins": [-0.08103030174970627, -0.08103030174970627, -0.08103030174970627, -0.08103030174970627, -0.08103030174970627, -0.08103030174970627, -0.08103030174970627, -0.08103030174970627, -0.08103030174970627, -0.08103030174970627, -0.08103030174970627, -0.08103030174970627, -0.08103030174970627, -0.08103030174970627, -0.08103030174970627, -0.08103030174970627, -0.08103030174970627, -0.08103030174970627, -0.08103030174970627, -0.08103030174970627, -0.08103030174970627, -0.08103030174970627, -0.08103030174970627, -0.08103030174970627, -0.08103030174970627, -0.08103030174970627, -0.08103030174970627, -0.08103030174970627, -0.08103030174970627, -0.08103030174970627, -0.08103030174970627, -0.08103030174970627, -0.08103030174970627, -0.08103030174970627, -0.08103030174970627, -0.08103030174970627, -0.08103030174970627, -0.08103030174970627, -0.08103030174970627, -0.08103030174970627, -0.08103030174970627, -0.08103030174970627, -0.08103030174970627, -0.08103030174970627, -0.08103030174970627, -0.08103030174970627, -0.08103030174970627, -0.08103030174970627, -0.08103030174970627, -0.08103030174970627, -0.08103030174970627, -0.08103030174970627, -0.08103030174970627, -0.08103030174970627, -0.08103030174970627, -0.08103030174970627, -0.08103030174970627, -0.08103030174970627, -0.08103030174970627, -0.08103030174970627, -0.08103030174970627, -0.08103030174970627, -0.08103030174970627, -0.08103030174970627, -0.08103030174970627]}, "gradients/graph_1mlp.net.bias": {"_type": "histogram",