{"graph_0": {"_type": "graph-file", "sha256": "878387ba360ceaebec34ac4610c378fc9efe18e77a10ddb34704c53ad0c2a3b1", "size": 803, "path": "media/graph/graph_0_summary_878387ba360ceaebec34.graph.json"}, "epoch_time": 13.943517684936523, "epoch": 2, "trainer/global_step": 5, "_timestamp": 1685033717.273708, "_runtime": 43.720237016677856, "_step": 2, "_wandb": {"runtime": 41}}