{"graph_0": {"_type": "graph-file", "sha256": "f0dbebe63a602b269313b7eeebf40437e5b577429dbdde1c3c081f97d636683e", "size": 799, "path": "media/graph/graph_0_summary_f0dbebe63a602b269313.graph.json"}, "epoch_time": 5.568113327026367, "epoch": 2, "trainer/global_step": 23, "_timestamp": 1685033093.9215379, "_runtime": 18.65267276763916, "_step": 2, "_wandb": {"runtime": 16}}