{"graph_0": {"_type": "graph-file", "sha256": "272ea5e35492e8601c7252541957e2a038803e5ac6f8950107c2d194a1e831b1", "size": 799, "path": "media/graph/graph_0_summary_272ea5e35492e8601c72.graph.json"}, "epoch_time": 16.301185607910156, "epoch": 2, "trainer/global_step": 23, "_timestamp": 1685033044.6913633, "_runtime": 50.54302430152893, "_step": 2, "_wandb": {"runtime": 48}}