{"graph_0": {"_type": "graph-file", "sha256": "56a1fd4ebc86477a1407c8b89d61cc72406bb427ad68e663eafd5ee0cf5a0e51", "size": 804, "path": "media/graph/graph_0_summary_56a1fd4ebc86477a1407.graph.json"}, "epoch_time": 49.76618957519531, "epoch": 2, "trainer/global_step": 5, "_timestamp": 1685038975.5238442, "_runtime": 151.10922932624817, "_step": 2, "_wandb": {"runtime": 149}}