{"graph_0": {"_type": "graph-file", "sha256": "13f3461640bef86cd0aebee2ccc81547eff3e4c8da3ded526a32e13cefc45b43", "size": 803, "path": "media/graph/graph_0_summary_13f3461640bef86cd0ae.graph.json"}, "epoch_time": 13.997589111328125, "epoch": 2, "trainer/global_step": 5, "_timestamp": 1685033667.2031155, "_runtime": 43.849098443984985, "_step": 2, "_wandb": {"runtime": 42}}