{"graph_0": {"_type": "graph-file", "sha256": "8b80e4b94fd586473d7ec5d12f7c1517e89fe4847c907d918be1902a621dffce", "size": 799, "path": "media/graph/graph_0_summary_8b80e4b94fd586473d7e.graph.json"}, "epoch_time": 13.848993301391602, "epoch": 2, "trainer/global_step": 23, "_timestamp": 1685032933.6153116, "_runtime": 43.45349073410034, "_step": 2, "_wandb": {"runtime": 41}}