{"graph_0": {"_type": "graph-file", "sha256": "a5f749169447b1b3ad73aeedc46e234f672a5e203d23e6432567f8788f2b8283", "size": 803, "path": "media/graph/graph_0_summary_a5f749169447b1b3ad73.graph.json"}, "epoch_time": 16.071191787719727, "epoch": 2, "trainer/global_step": 5, "_timestamp": 1685033505.556582, "_runtime": 49.74818706512451, "_step": 2, "_wandb": {"runtime": 48}}