{"graph_0": {"_type": "graph-file", "sha256": "5ad408c545bad746e7eadd56a60373dee0336acfc5274d73b957d4c92a21fc98", "size": 803, "path": "media/graph/graph_0_summary_5ad408c545bad746e7ea.graph.json"}, "epoch_time": 13.637874603271484, "epoch": 2, "trainer/global_step": 5, "_timestamp": 1685033402.1848884, "_runtime": 42.89884328842163, "_step": 2, "_wandb": {"runtime": 41}}