{"graph_0": {"_type": "graph-file", "sha256": "4d0402faa5db5b2fd7a3a04faf6116dbcdf706ff56e673b91282eb581d6f68dc", "size": 484, "path": "media/graph/graph_0_summary_4d0402faa5db5b2fd7a3.graph.json"}, "train_loss_epoch": 3.0262181758880615, "train_acc_epoch": 0.5073044300079346, "epoch_time": 0.0480043888092041, "train_roc_auc": 0.528440625, "epoch": 100, "trainer/global_step": 1300, "_timestamp": 1687699144.077201, "_runtime": 6.143599987030029, "_step": 144, "train_loss_step": 3.2182846069335938, "train_acc_step": 0.484375, "parameters/gnn.phi.net.weight": {"_type": "histogram", "values": [1.0, 0.0, 0.0, 0.0, 0.0, 0.0, 1.0, 1.0, 1.0, 0.0, 2.0, 1.0, 2.0, 0.0, 0.0, 1.0, 1.0, 0.0, 1.0, 0.0, 2.0, 0.0, 1.0, 2.0, 0.0, 1.0, 1.0, 0.0, 2.0, 0.0, 2.0, 0.0, 0.0, 0.0, 0.0, 2.0, 0.0, 1.0, 0.0, 1.0, 0.0, 0.0, 0.0, 1.0, 1.0, 0.0, 1.0, 0.0, 1.0, 0.0, 0.0, 1.0, 0.0, 0.0, 0.0, 1.0, 1.0, 0.0, 1.0, 0.0, 0.0, 0.0, 0.0, 1.0], "bins": [-0.42728906869888306, -0.41405096650123596, -0.4008128345012665, -0.3875747323036194, -0.3743366301059723, -0.3610984981060028, -0.3478603959083557, -0.3346222937107086, -0.32138416171073914, -0.30814605951309204, -0.29490795731544495, -0.28166982531547546, -0.26843172311782837, -0.2551936209201813, -0.2419554889202118, -0.2287173867225647, -0.2154792696237564, -0.20224115252494812, -0.18900305032730103, -0.17576493322849274, -0.16252681612968445, -0.14928871393203735, -0.13605059683322906, -0.12281247973442078, -0.10957437008619308, -0.0963362604379654, -0.0830981433391571, -0.06986003369092941, -0.05662192031741142, -0.04338380694389343, -0.030145695433020592, -0.01690758392214775, -0.0036694705486297607, 0.009568641893565655, 0.02280675433576107, 0.03604486584663391, 0.0492829792201519, 0.06252109259366989, 0.07575920224189758, 0.08899731934070587, 0.10223542898893356, 0.11547353863716125, 0.12871165573596954, 0.14194977283477783, 0.15518787503242493, 0.16842599213123322, 0.1816641092300415, 0.1949022114276886, 0.2081403285264969, 0.22137844562530518, 0.23461654782295227, 0.24785466492176056, 0.26109278202056885, 0.27433088421821594, 0.2875690162181854, 0.3008071184158325, 0.3140452206134796, 0.3272833526134491, 0.3405214548110962, 0.3537595570087433, 0.36699768900871277, 0.38023579120635986, 0.39347389340400696, 0.40671202540397644, 0.41995012760162354]}, "parameters/gnn.phi.net.bias": {"_type": "histogram", "values": [1.0, 0.0, 0.0, 0.0, 0.0, 0.0, 0.0, 0.0, 0.0, 0.0, 1.0, 0.0, 0.0, 0.0, 0.0, 0.0, 0.0, 0.0, 0.0, 0.0, 1.0, 0.0, 0.0, 0.0, 0.0, 0.0, 1.0, 0.0, 0.0, 0.0, 0.0, 0.0, 0.0, 0.0, 0.0, 0.0, 0.0, 0.0, 0.0, 0.0, 0.0, 0.0, 0.0, 0.0, 0.0, 0.0, 0.0, 0.0, 0.0, 0.0, 0.0, 0.0, 0.0, 0.0, 0.0, 0.0, 0.0, 0.0, 0.0, 0.0, 1.0, 0.0, 0.0, 1.0], "bins": [-0.08322964608669281, -0.07891116291284561, -0.07459267228841782, -0.07027418911457062, -0.06595569849014282, -0.061637215316295624, -0.057318732142448425, -0.05300024524331093, -0.04868175834417343, -0.044363271445035934, -0.04004478454589844, -0.03572630137205124, -0.03140781447291374, -0.027089327573776245, -0.022770842537283897, -0.01845235750079155, -0.014133870601654053, -0.00981538463383913, -0.005496898666024208, -0.0011784126982092857, 0.0031400732696056366, 0.007458559237420559, 0.011777045205235481, 0.01609553024172783, 0.020414017140865326, 0.024732504040002823, 0.02905098907649517, 0.03336947411298752, 0.037687961012125015, 0.04200644791126251, 0.04632493108510971, 0.05064341798424721, 0.054961904883384705, 0.0592803917825222, 0.0635988786816597, 0.0679173618555069, 0.07223585247993469, 0.07655433565378189, 0.08087281882762909, 0.08519130945205688, 0.08950979262590408, 0.09382827579975128, 0.09814676642417908, 0.10246524959802628, 0.10678373277187347, 0.11110222339630127, 0.11542070657014847, 0.11973919719457626, 0.12405768036842346, 0.12837617099285126, 0.13269464671611786, 0.13701313734054565, 0.14133162796497345, 0.14565010368824005, 0.14996859431266785, 0.15428708493709564, 0.15860557556152344, 0.16292405128479004, 0.16724254190921783, 0.17156103253364563, 0.17587950825691223, 0.18019799888134003, 0.18451648950576782, 0.18883496522903442, 0.19315345585346222]}, "parameters/mlp.net.weight": {"_type": "histogram", "values": [2.0, 0.0, 0.0, 0.0, 0.0, 0.0, 0.0, 0.0, 0.0, 0.0, 0.0, 0.0, 0.0, 0.0, 0.0, 0.0, 0.0, 0.0, 0.0, 0.0, 1.0, 0.0, 0.0, 0.0, 0.0, 0.0, 0.0, 0.0, 0.0, 0.0, 0.0, 0.0, 0.0, 0.0, 0.0, 0.0, 0.0, 0.0, 0.0, 0.0, 0.0, 1.0, 0.0, 0.0, 0.0, 0.0, 0.0, 0.0, 0.0, 0.0, 0.0, 0.0, 0.0, 0.0, 0.0, 0.0, 0.0, 0.0, 0.0, 0.0, 0.0, 1.0, 0.0, 1.0], "bins": [-0.33188584446907043, -0.3232560455799103, -0.31462621688842773, -0.3059964179992676, -0.29736658930778503, -0.2887367904186249, -0.28010696172714233, -0.2714771628379822, -0.262847363948822, -0.2542175352573395, -0.24558772146701813, -0.23695790767669678, -0.22832810878753662, -0.21969829499721527, -0.21106848120689392, -0.20243866741657257, -0.19380885362625122, -0.18517903983592987, -0.17654922604560852, -0.16791941225528717, -0.15928959846496582, -0.15065979957580566, -0.14202998578548431, -0.13340017199516296, -0.12477035820484161, -0.11614054441452026, -0.10751073062419891, -0.09888092428445816, -0.09025111049413681, -0.08162129670381546, -0.07299149036407471, -0.06436167657375336, -0.05573186278343201, -0.04710204899311066, -0.038472238928079605, -0.029842427000403404, -0.021212615072727203, -0.012582803145051003, -0.003952991217374802, 0.004676820710301399, 0.0133066326379776, 0.0219364445656538, 0.030566256493330002, 0.03919606655836105, 0.047825880348682404, 0.056455694139003754, 0.0650855004787445, 0.07371531426906586, 0.08234512805938721, 0.09097494184970856, 0.09960475564002991, 0.10823456197977066, 0.11686437577009201, 0.12549418210983276, 0.1341239959001541, 0.14275380969047546, 0.15138362348079681, 0.16001343727111816, 0.16864325106143951, 0.17727306485176086, 0.18590286374092102, 0.19453267753124237, 0.20316249132156372, 0.21179230511188507, 0.22042211890220642]}, "parameters/mlp.net.bias": {"_type": "histogram", "values": [0.0, 0.0, 0.0, 0.0, 0.0, 0.0, 0.0, 0.0, 0.0, 0.0, 0.0, 0.0, 0.0, 0.0, 0.0, 0.0, 0.0, 0.0, 0.0, 0.0, 0.0, 0.0, 0.0, 0.0, 0.0, 0.0, 0.0, 0.0, 0.0, 0.0, 0.0, 1.0, 0.0, 0.0, 0.0, 0.0, 0.0, 0.0, 0.0, 0.0, 0.0, 0.0, 0.0, 0.0, 0.0, 0.0, 0.0, 0.0, 0.0, 0.0, 0.0, 0.0, 0.0, 0.0, 0.0, 0.0, 0.0, 0.0, 0.0, 0.0, 0.0, 0.0, 0.0, 0.0], "bins": [-0.06655780225992203, -0.06655780225992203, -0.06655780225992203, -0.06655780225992203, -0.06655780225992203, -0.06655780225992203, -0.06655780225992203, -0.06655780225992203, -0.06655780225992203, -0.06655780225992203, -0.06655780225992203, -0.06655780225992203, -0.06655780225992203, -0.06655780225992203, -0.06655780225992203, -0.06655780225992203, -0.06655780225992203, -0.06655780225992203, -0.06655780225992203, -0.06655780225992203, -0.06655780225992203, -0.06655780225992203, -0.06655780225992203, -0.06655780225992203, -0.06655780225992203, -0.06655780225992203, -0.06655780225992203, -0.06655780225992203, -0.06655780225992203, -0.06655780225992203, -0.06655780225992203, -0.06655780225992203, -0.06655780225992203, -0.06655780225992203, -0.06655780225992203, -0.06655780225992203, -0.06655780225992203, -0.06655780225992203, -0.06655780225992203, -0.06655780225992203, -0.06655780225992203, -0.06655780225992203, -0.06655780225992203, -0.06655780225992203, -0.06655780225992203, -0.06655780225992203, -0.06655780225992203, -0.06655780225992203, -0.06655780225992203, -0.06655780225992203, -0.06655780225992203, -0.06655780225992203, -0.06655780225992203, -0.06655780225992203, -0.06655780225992203, -0.06655780225992203, -0.06655780225992203, -0.06655780225992203, -0.06655780225992203, -0.06655780225992203, -0.06655780225992203, -0.06655780225992203, -0.06655780225992203, -0.06655780225992203, -0.06655780225992203]}, "gradients/mlp.net.bias": {"_type": "histogram",