{"graph_2": {"_type": "graph-file", "sha256": "35364b5f55e866da537ef1831020bb57f5d7f20d5ae1377a18cf5d7aa6ad5db7", "size": 484, "path": "media/graph/graph_2_summary_35364b5f55e866da537e.graph.json"}, "train_loss_epoch": 1.2320464849472046, "train_acc_epoch": 0.48441246151924133, "epoch_time": 0.0452423095703125, "train_roc_auc": 0.50261875, "epoch": 100, "trainer/global_step": 1300, "_timestamp": 1687699166.7419937, "_runtime": 6.681533575057983, "_step": 144, "train_loss_step": 1.6298342943191528, "train_acc_step": 0.53125, "parameters/graph_2gnn.phi.net.weight": {"_type": "histogram", "values": [2.0, 0.0, 0.0, 1.0, 0.0, 0.0, 0.0, 1.0, 1.0, 0.0, 0.0, 0.0, 0.0, 0.0, 1.0, 0.0, 0.0, 0.0, 1.0, 3.0, 1.0, 0.0, 0.0, 0.0, 0.0, 0.0, 2.0, 0.0, 0.0, 0.0, 0.0, 0.0, 1.0, 0.0, 2.0, 1.0, 1.0, 1.0, 4.0, 0.0, 0.0, 0.0, 0.0, 1.0, 4.0, 1.0, 1.0, 0.0, 1.0, 0.0, 0.0, 0.0, 0.0, 0.0, 0.0, 1.0, 0.0, 0.0, 1.0, 0.0, 1.0, 1.0, 0.0, 1.0], "bins": [-0.40123116970062256, -0.38996562361717224, -0.3787000775337219, -0.3674345314502716, -0.3561689853668213, -0.34490343928337097, -0.33363789319992065, -0.32237234711647034, -0.31110680103302, -0.2998412549495697, -0.2885757088661194, -0.27731016278266907, -0.26604461669921875, -0.25477907061576843, -0.24351352453231812, -0.2322479784488678, -0.22098243236541748, -0.20971688628196716, -0.19845134019851685, -0.18718579411506653, -0.1759202480316162, -0.1646547019481659, -0.15338915586471558, -0.14212360978126526, -0.13085806369781494, -0.11959251761436462, -0.1083269715309143, -0.09706142544746399, -0.08579587936401367, -0.07453033328056335, -0.06326478719711304, -0.05199924111366272, -0.0407336950302124, -0.029468148946762085, -0.018202602863311768, -0.00693705677986145, 0.004328489303588867, 0.015594035387039185, 0.026859581470489502, 0.03812512755393982, 0.04939067363739014, 0.060656219720840454, 0.07192176580429077, 0.08318731188774109, 0.0944528579711914, 0.10571840405464172, 0.11698395013809204, 0.12824949622154236, 0.13951504230499268, 0.150780588388443, 0.1620461344718933, 0.17331168055534363, 0.18457722663879395, 0.19584277272224426, 0.20710831880569458, 0.2183738648891449, 0.22963941097259521, 0.24090495705604553, 0.25217050313949585, 0.26343604922294617, 0.2747015953063965, 0.2859671413898468, 0.2972326874732971, 0.30849823355674744, 0.31976377964019775]}, "parameters/graph_2gnn.phi.net.bias": {"_type": "histogram", "values": [1.0, 0.0, 0.0, 0.0, 0.0, 0.0, 0.0, 0.0, 0.0, 0.0, 0.0, 0.0, 0.0, 0.0, 0.0, 0.0, 0.0, 1.0, 0.0, 0.0, 0.0, 0.0, 0.0, 0.0, 1.0, 0.0, 0.0, 0.0, 1.0, 0.0, 0.0, 0.0, 1.0, 0.0, 0.0, 0.0, 0.0, 0.0, 0.0, 0.0, 0.0, 0.0, 0.0, 0.0, 0.0, 0.0, 0.0, 0.0, 0.0, 0.0, 0.0, 0.0, 0.0, 0.0, 0.0, 0.0, 0.0, 0.0, 0.0, 0.0, 0.0, 0.0, 0.0, 1.0], "bins": [-0.3445775806903839, -0.3359963893890381, -0.3274151682853699, -0.31883397698402405, -0.3102527856826782, -0.3016715943813324, -0.2930903732776642, -0.28450918197631836, -0.27592799067497253, -0.2673467695713043, -0.2587655782699585, -0.25018438696861267, -0.24160318076610565, -0.23302198946475983, -0.2244407832622528, -0.21585959196090698, -0.20727838575839996, -0.19869717955589294, -0.19011598825454712, -0.1815347820520401, -0.17295359075069427, -0.16437238454818726, -0.15579119324684143, -0.1472099870443344, -0.1386287808418274, -0.13004758954048157, -0.12146639078855515, -0.11288519203662872, -0.1043039858341217, -0.09572278708219528, -0.08714158833026886, -0.07856038957834244, -0.06997917592525482, -0.0613979771733284, -0.05281677842140198, -0.04423557594418526, -0.035654377192258835, -0.027073178440332413, -0.01849197782576084, -0.009910778142511845, -0.001329578459262848, 0.007251621223986149, 0.015832820907235146, 0.024414021521806717, 0.03299522027373314, 0.04157641902565956, 0.05015762150287628, 0.058738820254802704, 0.06732001900672913, 0.07590121775865555, 0.08448241651058197, 0.09306361526250839, 0.10164481401443481, 0.11022602021694183, 0.11880721896886826, 0.12738841772079468, 0.1359696090221405, 0.14455081522464752, 0.15313202142715454, 0.16171321272850037, 0.17029441893100739, 0.1788756102323532, 0.18745681643486023, 0.19603800773620605, 0.20461921393871307]}, "parameters/graph_2mlp.net.weight": {"_type": "histogram", "values": [1.0, 0.0, 0.0, 0.0, 0.0, 0.0, 0.0, 0.0, 0.0, 0.0, 0.0, 0.0, 0.0, 0.0, 0.0, 0.0, 0.0, 0.0, 0.0, 0.0, 0.0, 0.0, 0.0, 0.0, 0.0, 0.0, 0.0, 0.0, 0.0, 0.0, 0.0, 0.0, 0.0, 1.0, 0.0, 0.0, 0.0, 1.0, 0.0, 0.0, 1.0, 0.0, 0.0, 0.0, 1.0, 0.0, 0.0, 0.0, 0.0, 0.0, 0.0, 0.0, 0.0, 0.0, 0.0, 0.0, 0.0, 0.0, 0.0, 0.0, 0.0, 0.0, 0.0, 1.0], "bins": [-0.024818355217576027, -0.02088189125061035, -0.016945429146289825, -0.01300896517932415, -0.009072501212358475, -0.005136037711054087, -0.0011995742097496986, 0.0027368892915546894, 0.0066733527928590775, 0.010609816759824753, 0.014546279795467854, 0.018482742831110954, 0.02241920679807663, 0.026355670765042305, 0.03029213473200798, 0.034228596836328506, 0.03816506266593933, 0.04210152477025986, 0.04603798687458038, 0.04997445270419121, 0.053910914808511734, 0.05784737691283226, 0.061783842742443085, 0.06572030484676361, 0.06965676695108414, 0.07359322905540466, 0.07752969861030579, 0.08146616071462631, 0.08540262281894684, 0.08933908492326736, 0.09327554702758789, 0.09721201658248901, 0.10114848613739014, 0.10508494824171066, 0.10902141034603119, 0.11295787990093231, 0.11689434200525284, 0.12083080410957336, 0.12476726621389389, 0.12870372831821442, 0.13264019787311554, 0.13657665252685547, 0.1405131220817566, 0.14444959163665771, 0.14838604629039764, 0.15232251584529877, 0.1562589704990387, 0.16019544005393982, 0.16413190960884094, 0.16806836426258087, 0.172004833817482, 0.17594128847122192, 0.17987775802612305, 0.18381421267986298, 0.1877506822347641, 0.19168715178966522, 0.19562360644340515, 0.19956007599830627, 0.2034965306520462, 0.20743300020694733, 0.21136946976184845, 0.21530592441558838, 0.2192423939704895, 0.22317884862422943, 0.22711531817913055]}, "parameters/graph_2mlp.net.bias": {"_type": "histogram", "values": [0.0, 0.0, 0.0, 0.0, 0.0, 0.0, 0.0, 0.0, 0.0, 0.0, 0.0, 0.0, 0.0, 0.0, 0.0, 0.0, 0.0, 0.0, 0.0, 0.0, 0.0, 0.0, 0.0, 0.0, 0.0, 0.0, 0.0, 0.0, 0.0, 0.0, 0.0, 0.0, 1.0, 0.0, 0.0, 0.0, 0.0, 0.0, 0.0, 0.0, 0.0, 0.0, 0.0, 0.0, 0.0, 0.0, 0.0, 0.0, 0.0, 0.0, 0.0, 0.0, 0.0, 0.0, 0.0, 0.0, 0.0, 0.0, 0.0, 0.0, 0.0, 0.0, 0.0, 0.0], "bins": [0.15866057574748993, 0.15866057574748993, 0.15866057574748993, 0.15866057574748993, 0.15866057574748993, 0.15866057574748993, 0.15866057574748993, 0.15866057574748993, 0.15866057574748993, 0.15866057574748993, 0.15866057574748993, 0.15866057574748993, 0.15866057574748993, 0.15866057574748993, 0.15866057574748993, 0.15866057574748993, 0.15866057574748993, 0.15866057574748993, 0.15866057574748993, 0.15866057574748993, 0.15866057574748993, 0.15866057574748993, 0.15866057574748993, 0.15866057574748993, 0.15866057574748993, 0.15866057574748993, 0.15866057574748993, 0.15866057574748993, 0.15866057574748993, 0.15866057574748993, 0.15866057574748993, 0.15866057574748993, 0.15866057574748993, 0.15866057574748993, 0.15866057574748993, 0.15866057574748993, 0.15866057574748993, 0.15866057574748993, 0.15866057574748993, 0.15866057574748993, 0.15866057574748993, 0.15866057574748993, 0.15866057574748993, 0.15866057574748993, 0.15866057574748993, 0.15866057574748993, 0.15866057574748993, 0.15866057574748993, 0.15866057574748993, 0.15866057574748993, 0.15866057574748993, 0.15866057574748993, 0.15866057574748993, 0.15866057574748993, 0.15866057574748993, 0.15866057574748993, 0.15866057574748993, 0.15866057574748993, 0.15866057574748993, 0.15866057574748993, 0.15866057574748993, 0.15866057574748993, 0.15866057574748993, 0.15866057574748993, 0.15866057574748993]}, "gradients/graph_2mlp.net.bias": {"_type": "histogram",