{"graph_0": {"_type": "graph-file", "sha256": "660f32a182ebca3e22c091d5b43d1393202c9b3e9bf9d2ee2b56886d4fc01cbd", "size": 803, "path": "media/graph/graph_0_summary_660f32a182ebca3e22c0.graph.json"}, "epoch_time": 5.828049659729004, "epoch": 2, "trainer/global_step": 5, "_timestamp": 1685033613.5078564, "_runtime": 19.466610431671143, "_step": 2, "_wandb": {"runtime": 17}}