{"graph_0": {"_type": "graph-file", "sha256": "0f01524f5db684932b5cbd84e0fa4d7af5e2154bad8d120def71ceca6adf176d", "size": 803, "path": "media/graph/graph_0_summary_0f01524f5db684932b5c.graph.json"}, "epoch_time": 5.395777702331543, "epoch": 2, "trainer/global_step": 5, "_timestamp": 1685033353.5680003, "_runtime": 18.227976322174072, "_step": 2, "_wandb": {"runtime": 16}}