{"graph_0": {"_type": "graph-file", "sha256": "e1d311037a6ba2da5f97a49188d66484ea497b9168c3fb513acba0ad79d62939", "size": 803, "path": "media/graph/graph_0_summary_e1d311037a6ba2da5f97.graph.json"}, "epoch_time": 15.912525177001953, "epoch": 2, "trainer/global_step": 5, "_timestamp": 1685033561.674933, "_runtime": 49.842264890670776, "_step": 2, "_wandb": {"runtime": 48}}